id,name,total,1 sao,2 sao,3 sao,4 sao,5 sao,link shopee
3048464721,Nệm Lò xo Amando Lucio,9,0,0,0,0,9,https://shopee.vn/Nệm-Lò-xo-Amando-Lucio-i.179124960.3048464721
4792067949,"Gối Foam Doona Extra Gel Cool 35x64cm nâng đỡ cổ vai gáy, êm ái mềm mại bảo hành bởi Vua Nệm",2,0,0,0,0,2,"https://shopee.vn/Gối-Foam-Doona-Extra-Gel-Cool-35x64cm-nâng-đỡ-cổ-vai-gáy,-êm-ái-mềm-mại-bảo-hành-bởi-Vua-Nệm-i.179124960.4792067949"
14708544545,Chăn dạ Amando Azalea MP 140x200cm,4,0,0,0,0,4,https://shopee.vn/Chăn-dạ-Amando-Azalea-MP-140x200cm-i.179124960.14708544545
9877999670,Tấm lót bảo vệ nệm Microfiber Doona làm mềm nệm đủ kích thước bảo hành chính hãng bởi Vua Nệm,12,1,0,0,0,11,https://shopee.vn/Tấm-lót-bảo-vệ-nệm-Microfiber-Doona-làm-mềm-nệm-đủ-kích-thước-bảo-hành-chính-hãng-bởi-Vua-Nệm-i.179124960.9877999670
2955216984,"Nệm Foam Goodnight Galaxy nguyên tấm kháng khuẩn khử mùi 120x200,12cm",19,1,2,1,0,15,"https://shopee.vn/Nệm-Foam-Goodnight-Galaxy-nguyên-tấm-kháng-khuẩn-khử-mùi-120x200,12cm-i.179124960.2955216984"
8690830781,Bảo vệ nệm Doona Bamboo chống thấm,33,1,0,1,1,30,https://shopee.vn/Bảo-vệ-nệm-Doona-Bamboo-chống-thấm-i.179124960.8690830781
3695318634,Nệm cao su Gummi Standard 100% Thiên Nhiên thoáng khí bảo hành bởi Vua Nệm,35,0,0,3,0,32,https://shopee.vn/Nệm-cao-su-Gummi-Standard-100%-Thiên-Nhiên-thoáng-khí-bảo-hành-bởi-Vua-Nệm-i.179124960.3695318634
10719589936,"Tấm lót bảo vệ nệm Doona 01 lớp đủ kích thước, mềm mại, kháng khuẩn bảo hành bởi Vua Nệm",5,0,0,0,0,5,"https://shopee.vn/Tấm-lót-bảo-vệ-nệm-Doona-01-lớp-đủ-kích-thước,-mềm-mại,-kháng-khuẩn-bảo-hành-bởi-Vua-Nệm-i.179124960.10719589936"
11373219330,Chăn chần Amando Promo (nhiều màu) 140x200cm,105,0,0,5,5,95,https://shopee.vn/Chăn-chần-Amando-Promo-(nhiều-màu)-140x200cm-i.179124960.11373219330
9954703405,Nệm foam Aeroflow Standard Nhật Bản cao cấp êm ái mềm mại nâng đỡ tối đa bảo hành bởi Vua Nệm,7,0,0,0,0,7,https://shopee.vn/Nệm-foam-Aeroflow-Standard-Nhật-Bản-cao-cấp-êm-ái-mềm-mại-nâng-đỡ-tối-đa-bảo-hành-bởi-Vua-Nệm-i.179124960.9954703405
8380104646,"[LIFEMALL250156] Gối cao su Kim Cương lượn sóng 39x59 cm 100% cao su thiên nhiên nâng đỡ đầu và cổ, dễ dàng ngủ sâu - B",18,0,0,0,1,17,"https://shopee.vn/[LIFEMALL250156]-Gối-cao-su-Kim-Cương-lượn-sóng-39x59-cm-100%-cao-su-thiên-nhiên-nâng-đỡ-đầu-và-cổ,-dễ-dàng-ngủ-sâu---B-i.179124960.8380104646"
8054712141,Nệm Cool Gel Memory Foam Amando Casa 120x200x20cm,5,1,0,0,0,4,https://shopee.vn/Nệm-Cool-Gel-Memory-Foam-Amando-Casa-120x200x20cm-i.179124960.8054712141
13328386859,"Nệm topper tiện nghi memory foam cao cấp Goodnight Carina siêu mát, bọc vải tản nhiệt 3 inch Ultra",1,0,0,0,0,1,"https://shopee.vn/Nệm-topper-tiện-nghi-memory-foam-cao-cấp-Goodnight-Carina-siêu-mát,-bọc-vải-tản-nhiệt-3-inch-Ultra-i.179124960.13328386859"
14606863336,Combo 2 gối nằm Doona Basic,13,1,0,0,0,12,https://shopee.vn/Combo-2-gối-nằm-Doona-Basic-i.179124960.14606863336
2957493022,Nệm lò xo Amando Primo chiết xuất từ gỗ thiên nhiên có khả năng hút ẩm và thoáng khí bảo hành bởi Vua Nệm,0,0,0,0,0,0,https://shopee.vn/Nệm-lò-xo-Amando-Primo-chiết-xuất-từ-gỗ-thiên-nhiên-có-khả-năng-hút-ẩm-và-thoáng-khí-bảo-hành-bởi-Vua-Nệm-i.179124960.2957493022
20752338153,Chăn Amando Bông Tuyết Đa Năng,0,0,0,0,0,0,https://shopee.vn/Chăn-Amando-Bông-Tuyết-Đa-Năng-i.179124960.20752338153
3063460711,"Gối Foam Aeroflow Nhật Bản iCool 45x65 ngủ sâu, giảm đau cổ vai gáy, phù hợp mọi tư thế",50,0,1,0,1,48,"https://shopee.vn/Gối-Foam-Aeroflow-Nhật-Bản-iCool-45x65-ngủ-sâu,-giảm-đau-cổ-vai-gáy,-phù-hợp-mọi-tư-thế-i.179124960.3063460711"
3894413924,Nệm cao su Dunlopillo World Pure dày 20cm cải thiện lưu thông máu bảo hành 10 năm bởi Vua Nệm,0,0,0,0,0,0,https://shopee.vn/Nệm-cao-su-Dunlopillo-World-Pure-dày-20cm-cải-thiện-lưu-thông-máu-bảo-hành-10-năm-bởi-Vua-Nệm-i.179124960.3894413924
4595412472,"Nệm Lò xo Dunlopillo Cambridge Luxe kháng khuẩn, hỗ trợ và nâng đỡ tối đa bảo hành bởi Vua Nệm",0,0,0,0,0,0,"https://shopee.vn/Nệm-Lò-xo-Dunlopillo-Cambridge-Luxe-kháng-khuẩn,-hỗ-trợ-và-nâng-đỡ-tối-đa-bảo-hành-bởi-Vua-Nệm-i.179124960.4595412472"
7992055243,Gối Foam Tempur Original Queen 31x61 cm thư giãn giấc ngủ bảo hành bởi Vua Nệm,0,0,0,0,0,0,https://shopee.vn/Gối-Foam-Tempur-Original-Queen-31x61-cm-thư-giãn-giấc-ngủ-bảo-hành-bởi-Vua-Nệm-i.179124960.7992055243
16959317549,Bảo vệ nệm Doona Airy,0,0,0,0,0,0,https://shopee.vn/Bảo-vệ-nệm-Doona-Airy-i.179124960.16959317549
17200236238,"Giường Amando Padova, chất liệu gỗ sồi tự nhiên, cao cấp",0,0,0,0,0,0,"https://shopee.vn/Giường-Amando-Padova,-chất-liệu-gỗ-sồi-tự-nhiên,-cao-cấp-i.179124960.17200236238"
20006663040,"Bộ Gối Aeroflow Hachiko Kids Plus Nhật Bản êm ái, thân thiện với làn da của trẻ nhỏ bảo hành bởi Vua Nệm",0,0,0,0,0,0,"https://shopee.vn/Bộ-Gối-Aeroflow-Hachiko-Kids-Plus-Nhật-Bản-êm-ái,-thân-thiện-với-làn-da-của-trẻ-nhỏ-bảo-hành-bởi-Vua-Nệm-i.179124960.20006663040"
17781178231,"Chiếu điều hòa 3D Amando Mesh PE vải lưới cao cấp thoáng mát, co dãn 4 chiều không gây dị ứng phân phối bởi Vua Nệm",1,1,0,0,0,0,"https://shopee.vn/Chiếu-điều-hòa-3D-Amando-Mesh-PE-vải-lưới-cao-cấp-thoáng-mát,-co-dãn-4-chiều-không-gây-dị-ứng-phân-phối-bởi-Vua-Nệm-i.179124960.17781178231"
14990118674,"Combo Tự Lập Nệm Xếp Văn Phòng Goodnight , Chăn Chần Amando Promo, Gối Tựa Cổ",1,0,0,0,0,1,"https://shopee.vn/Combo-Tự-Lập-Nệm-Xếp-Văn-Phòng-Goodnight-,-Chăn-Chần-Amando-Promo,-Gối-Tựa-Cổ-i.179124960.14990118674"
20226139888,"Combo Băng Lạnh Gối Foam Aeroflow Nhật Bản iCool, Chăn Công Nghệ Làm Mát Azami",1,0,0,0,0,1,"https://shopee.vn/Combo-Băng-Lạnh-Gối-Foam-Aeroflow-Nhật-Bản-iCool,-Chăn-Công-Nghệ-Làm-Mát-Azami-i.179124960.20226139888"
16384520437,Bộ ga chun AMD Venus kẻ 4CT,0,0,0,0,0,0,https://shopee.vn/Bộ-ga-chun-AMD-Venus-kẻ-4CT-i.179124960.16384520437
15330840563,Gối cao su Gummi Mellow VUA NỆM,6,0,0,0,0,6,https://shopee.vn/Gối-cao-su-Gummi-Mellow-VUA-NỆM-i.179124960.15330840563
21232846141,Giường gỗ Amando Piny Bảo Hành Bởi Vua Nệm,1,0,0,0,0,1,https://shopee.vn/Giường-gỗ-Amando-Piny-Bảo-Hành-Bởi-Vua-Nệm-i.179124960.21232846141
13559429992,Nệm Foam Amando Coco,10,0,0,2,0,8,https://shopee.vn/Nệm-Foam-Amando-Coco-i.179124960.13559429992
21230651777,[GIFT] Bộ Ga chun AMD Promo kẻ 4CT,4,0,0,0,0,4,https://shopee.vn/[GIFT]-Bộ-Ga-chun-AMD-Promo-kẻ-4CT-i.179124960.21230651777
9283847148,Chăn công nghệ cao cấp Amando làm mát Azami,5,0,0,0,0,5,https://shopee.vn/Chăn-công-nghệ-cao-cấp-Amando-làm-mát-Azami-i.179124960.9283847148
16671594865,Nệm ngủ Massage Nhật Bản Goodnight Osaka 1m2x2mx9cm chất liệu foam cao cấp mềm mại thoáng khi phân phối bởi Vua Nệm,0,0,0,0,0,0,https://shopee.vn/Nệm-ngủ-Massage-Nhật-Bản-Goodnight-Osaka-1m2x2mx9cm-chất-liệu-foam-cao-cấp-mềm-mại-thoáng-khi-phân-phối-bởi-Vua-Nệm-i.179124960.16671594865
13859427124,Nệm cao su Liên Á Classic dày 5 và10cm Bảo hàng bởi VUA NỆM,10,0,0,0,2,8,https://shopee.vn/Nệm-cao-su-Liên-Á-Classic-dày-5-và10cm-Bảo-hàng-bởi-VUA-NỆM-i.179124960.13859427124
10861248104,Tấm Bảo Vệ Nệm Doona Bamboo Vua Nệm chống thấm,10,0,0,1,0,9,https://shopee.vn/Tấm-Bảo-Vệ-Nệm-Doona-Bamboo-Vua-Nệm-chống-thấm-i.179124960.10861248104
19638244574,Combo túi ngủ đi học AMANDO Cho Bé Đa Năng 100% Cotton Thiết Kế Tiện Lợi An Toàn Tuyệt Đối,10,0,0,0,0,10,https://shopee.vn/Combo-túi-ngủ-đi-học-AMANDO-Cho-Bé-Đa-Năng-100%-Cotton-Thiết-Kế-Tiện-Lợi-An-Toàn-Tuyệt-Đối-i.179124960.19638244574
16649652146,Nệm cao cấp cao su non Goodnight Shibuya 3zones tinh chất trà xanh nâng đỡ 3 vùng cơ thể,12,0,0,0,1,11,https://shopee.vn/Nệm-cao-cấp-cao-su-non-Goodnight-Shibuya-3zones-tinh-chất-trà-xanh-nâng-đỡ-3-vùng-cơ-thể-i.179124960.16649652146
12460973646,"Đôi vỏ gối nằm Amando Dream 45x65cm, giao màu ngẫu nhiên",66,1,0,0,3,62,"https://shopee.vn/Đôi-vỏ-gối-nằm-Amando-Dream-45x65cm,-giao-màu-ngẫu-nhiên-i.179124960.12460973646"
18707443163,Gối Cao Su Liên Á Oval,5,0,0,0,0,5,https://shopee.vn/Gối-Cao-Su-Liên-Á-Oval-i.179124960.18707443163
20738247181,Bộ Chăn Ga Amando Lily Họa Tiết 5CT 100% Vải Microfiber Độ Bền Cao Mềm Mại Tuyệt Đối,4,0,0,0,0,4,https://shopee.vn/Bộ-Chăn-Ga-Amando-Lily-Họa-Tiết-5CT-100%-Vải-Microfiber-Độ-Bền-Cao-Mềm-Mại-Tuyệt-Đối-i.179124960.20738247181
11104654020,Nệm foam Amando Luca kết hợp Charcoal Gel và Green Tea êm ái dễ chịu bảo hành bởi Vua Nệm,2,0,0,0,0,2,https://shopee.vn/Nệm-foam-Amando-Luca-kết-hợp-Charcoal-Gel-và-Green-Tea-êm-ái-dễ-chịu-bảo-hành-bởi-Vua-Nệm-i.179124960.11104654020
13388108225,"Bộ ga gối Amando Lily cao cấp 4 chi tiết mềm mịn thoáng mát, drap bọc nệm êm ái kháng khuẩn phân phối bởi Vua Nệm",24,2,0,0,0,22,"https://shopee.vn/Bộ-ga-gối-Amando-Lily-cao-cấp-4-chi-tiết-mềm-mịn-thoáng-mát,-drap-bọc-nệm-êm-ái-kháng-khuẩn-phân-phối-bởi-Vua-Nệm-i.179124960.13388108225"
19129974510,"[ĐỘC QUYỀN VUA NỆM] Nệm Cao Su Đa Tầng Kim Cương Fiona, Công Nghệ Kháng Khuẩn Chuẩn Châu Âu, Độ Đàn Hồi Tối Ư\u",14,0,0,0,0,14,"https://shopee.vn/[ĐỘC-QUYỀN-VUA-NỆM]-Nệm-Cao-Su-Đa-Tầng-Kim-Cương-Fiona,-Công-Nghệ-Kháng-Khuẩn-Chuẩn-Châu-Âu,-Độ-Đàn-Hồi-Tối-Ư\u-i.179124960.19129974510"
16077340846,Gối ngủ cao su thiên nhiên Liên Á Contour gợn sóng cao cấp giúp nâng đỡ đầu vai gáy,17,0,0,0,1,16,https://shopee.vn/Gối-ngủ-cao-su-thiên-nhiên-Liên-Á-Contour-gợn-sóng-cao-cấp-giúp-nâng-đỡ-đầu-vai-gáy-i.179124960.16077340846
16949728361,Nệm cao su non Goodnight Nagoya tinh chất trà xanh an toàn da nâng đỡ cơ thể,22,0,1,0,0,21,https://shopee.vn/Nệm-cao-su-non-Goodnight-Nagoya-tinh-chất-trà-xanh-an-toàn-da-nâng-đỡ-cơ-thể-i.179124960.16949728361
21625765586,Gối Cao Su Thiên Nhiên Gummi Cookie Thiết Kế Vòm Cong Tối Ưu Giúp Giảm Đau Cổ Vai Gáy Vượt Trội,24,0,0,1,0,23,https://shopee.vn/Gối-Cao-Su-Thiên-Nhiên-Gummi-Cookie-Thiết-Kế-Vòm-Cong-Tối-Ưu-Giúp-Giảm-Đau-Cổ-Vai-Gáy-Vượt-Trội-i.179124960.21625765586
19032909944,[Quà tặng không bán] Gấu Bông Vua Nệm,13,0,0,0,0,13,https://shopee.vn/[Quà-tặng-không-bán]-Gấu-Bông-Vua-Nệm-i.179124960.19032909944
16077336585,"Nệm lò xo Amando Verona túi độc lập, nâng đỡ cơ thể tối đa, cuộn hút chân không tiện lợi",34,0,0,0,1,33,"https://shopee.vn/Nệm-lò-xo-Amando-Verona-túi-độc-lập,-nâng-đỡ-cơ-thể-tối-đa,-cuộn-hút-chân-không-tiện-lợi-i.179124960.16077336585"
18135364083,"[ĐỘC QUYỀN VUA NỆM] Nệm Cao Su Thiên Nhiên Foam Cao Cấp Kim Cương Stella Nâng Đỡ Cơ Thể Hoàn Hảo, Kháng Khuẩn Tối Ưuu",18,0,0,0,0,18,"https://shopee.vn/[ĐỘC-QUYỀN-VUA-NỆM]-Nệm-Cao-Su-Thiên-Nhiên-Foam-Cao-Cấp-Kim-Cương-Stella-Nâng-Đỡ-Cơ-Thể-Hoàn-Hảo,-Kháng-Khuẩn-Tối-Ưuu-i.179124960.18135364083"
21351614218,Tấm Topper Doona Microfiber,1,0,0,0,0,1,https://shopee.vn/Tấm-Topper-Doona-Microfiber-i.179124960.21351614218
19805844572,Đôi Gối Nằm Doona Promo 45x65 cm,80,0,1,0,1,78,https://shopee.vn/Đôi-Gối-Nằm-Doona-Promo-45x65-cm-i.179124960.19805844572
4594505465,Chiếu điều hòa 3D Doona vải lưới cao cấp thoáng mát đủ size bảo hành bởi Vua Nệm,10,0,0,0,1,9,https://shopee.vn/Chiếu-điều-hòa-3D-Doona-vải-lưới-cao-cấp-thoáng-mát-đủ-size-bảo-hành-bởi-Vua-Nệm-i.179124960.4594505465
18425735933,Gối Foam Contour Doona Sofy Cấu Trúc Lượn Sóng Nâng Đỡ Định Hình Xương Cổ Và Đầu Hoàn Hảo,35,0,0,0,1,34,https://shopee.vn/Gối-Foam-Contour-Doona-Sofy-Cấu-Trúc-Lượn-Sóng-Nâng-Đỡ-Định-Hình-Xương-Cổ-Và-Đầu-Hoàn-Hảo-i.179124960.18425735933
8570196547,Vỏ chăn cotton lụa Amado Dream kích thước 200x220cm,0,0,0,0,0,0,https://shopee.vn/Vỏ-chăn-cotton-lụa-Amado-Dream-kích-thước-200x220cm-i.179124960.8570196547
15002211862,"Ruột chăn Doona Microfiber T233, kích thước 200x220cm; thông thoáng, gọn nhẹ",0,0,0,0,0,0,"https://shopee.vn/Ruột-chăn-Doona-Microfiber-T233,-kích-thước-200x220cm;-thông-thoáng,-gọn-nhẹ-i.179124960.15002211862"
4689765981,"Nệm Foam Amando Flavio êm ái mềm mại nâng đỡ cơ thể, duy trì đường cong tự nhiên cột sống bảo hành bởi Vua Nệm",0,0,0,0,0,0,"https://shopee.vn/Nệm-Foam-Amando-Flavio-êm-ái-mềm-mại-nâng-đỡ-cơ-thể,-duy-trì-đường-cong-tự-nhiên-cột-sống-bảo-hành-bởi-Vua-Nệm-i.179124960.4689765981"
9877316701,Nệm lò xo Dunlopillo Audrey dày 25cm độ đàn hồi cao bảo vệ cột sống bảo hành bởi Vua Nệm,1,0,0,0,0,1,https://shopee.vn/Nệm-lò-xo-Dunlopillo-Audrey-dày-25cm-độ-đàn-hồi-cao-bảo-vệ-cột-sống-bảo-hành-bởi-Vua-Nệm-i.179124960.9877316701
18535355520,"[ĐỘC QUYỀN VUA NỆM] Nệm cao su tổng hợp Kim Cương Erica Smart Tech nâng đỡ cơ thể, êm ái tối đa phân phối bởi Vua Nệm",12,0,0,0,0,12,"https://shopee.vn/[ĐỘC-QUYỀN-VUA-NỆM]-Nệm-cao-su-tổng-hợp-Kim-Cương-Erica-Smart-Tech-nâng-đỡ-cơ-thể,-êm-ái-tối-đa-phân-phối-bởi-Vua-Nệm-i.179124960.18535355520"
8481074728,"Nệm Foam Inoac Aeroflow Fit Plus siêu mềm mại, cấu trúc lượng sóng dễ ngủ sâu, bảo vệ cột sống bảo hành bởi Vua Nệm",0,0,0,0,0,0,"https://shopee.vn/Nệm-Foam-Inoac-Aeroflow-Fit-Plus-siêu-mềm-mại,-cấu-trúc-lượng-sóng-dễ-ngủ-sâu,-bảo-vệ-cột-sống-bảo-hành-bởi-Vua-Nệm-i.179124960.8481074728"
11717944874,Nệm bông ép Kim Cương Acness nâng đỡ cột sống giảm đau lưng bảo hành chính hãng bởi Vua Nệm,22,1,1,0,0,20,https://shopee.vn/Nệm-bông-ép-Kim-Cương-Acness-nâng-đỡ-cột-sống-giảm-đau-lưng-bảo-hành-chính-hãng-bởi-Vua-Nệm-i.179124960.11717944874
13821802514,Nệm lò xo Vua Nệm Therapedic Therawrap Ultra kết hợp công nghệ Hourglass Support nâng đỡ 5 vùng cơ thể,1,0,0,0,0,1,https://shopee.vn/Nệm-lò-xo-Vua-Nệm-Therapedic-Therawrap-Ultra-kết-hợp-công-nghệ-Hourglass-Support-nâng-đỡ-5-vùng-cơ-thể-i.179124960.13821802514
8267905545,"Gối Foam Aeroflow Nhật Bản fCloud 43x63cm mềm mại nâng đỡ, phân tán lực đều bảo hành bởi Vua Nệm",1,0,0,0,0,1,"https://shopee.vn/Gối-Foam-Aeroflow-Nhật-Bản-fCloud-43x63cm-mềm-mại-nâng-đỡ,-phân-tán-lực-đều-bảo-hành-bởi-Vua-Nệm-i.179124960.8267905545"
9877003253,Nệm Foam Amando Comodo Luxury thiết kế chuyển động tiên tiến hiện tại êm dịu thoáng mát bảo hành bởi Vua Nệm,1,0,0,0,0,1,https://shopee.vn/Nệm-Foam-Amando-Comodo-Luxury-thiết-kế-chuyển-động-tiên-tiến-hiện-tại-êm-dịu-thoáng-mát-bảo-hành-bởi-Vua-Nệm-i.179124960.9877003253
8181067156,Nệm Foam Inoac Aeroflow Wave,2,0,0,0,0,2,https://shopee.vn/Nệm-Foam-Inoac-Aeroflow-Wave-i.179124960.8181067156
14001566304,Combo Nệm Lò xo Goodnight 4Stars và Bộ ga chun Arena Promo hoa 4CT 521,0,0,0,0,0,0,https://shopee.vn/Combo-Nệm-Lò-xo-Goodnight-4Stars-và-Bộ-ga-chun-Arena-Promo-hoa-4CT-521-i.179124960.14001566304
15502205193,Chăn Chần Amando Dream Họa Tiết C31 200x220cm,0,0,0,0,0,0,https://shopee.vn/Chăn-Chần-Amando-Dream-Họa-Tiết-C31-200x220cm-i.179124960.15502205193
13628376018,Đệm Foam Goodnight Luna 3zones 120*200*20 (cm),1,0,0,0,0,1,https://shopee.vn/Đệm-Foam-Goodnight-Luna-3zones-120*200*20-(cm)-i.179124960.13628376018
13833089965,Bộ ga chun Vua Nệm Arena Promo hoa 4CT 521,20,1,0,0,1,18,https://shopee.vn/Bộ-ga-chun-Vua-Nệm-Arena-Promo-hoa-4CT-521-i.179124960.13833089965
14802198795,"Vỏ gối Amando Faren cực kỳ mềm mịn, hút ẩm mồ hôi trên cơ thể",2,0,0,0,0,2,"https://shopee.vn/Vỏ-gối-Amando-Faren-cực-kỳ-mềm-mịn,-hút-ẩm-mồ-hôi-trên-cơ-thể-i.179124960.14802198795"
8277077505,Nệm lò xo Dunlopillo Grimsby dày 28cm bảo vệ cột sống toàn diện bảo hành bởi Vua Nệm,0,0,0,0,0,0,https://shopee.vn/Nệm-lò-xo-Dunlopillo-Grimsby-dày-28cm-bảo-vệ-cột-sống-toàn-diện-bảo-hành-bởi-Vua-Nệm-i.179124960.8277077505
14902215706,Topper Foam Aeroflow đa năng VUA NEM,2,0,0,0,0,2,https://shopee.vn/Topper-Foam-Aeroflow-đa-năng-VUA-NEM-i.179124960.14902215706
8167979952,Gối nằm lông vũ tự nhiên Doona Dream Cloud 70% 45x65cm cực kì êm ái bảo hành bởi Vua Nệm,1,0,0,0,1,0,https://shopee.vn/Gối-nằm-lông-vũ-tự-nhiên-Doona-Dream-Cloud-70%-45x65cm-cực-kì-êm-ái-bảo-hành-bởi-Vua-Nệm-i.179124960.8167979952
8277103573,Nệm lò xo Dunlopillo Elizabeth có thêm lớp cao su Talalay Dunlopillo mềm mại CHÍNH HÃNG bảo hành bởi Vua Nệm,0,0,0,0,0,0,https://shopee.vn/Nệm-lò-xo-Dunlopillo-Elizabeth-có-thêm-lớp-cao-su-Talalay-Dunlopillo-mềm-mại-CHÍNH-HÃNG-bảo-hành-bởi-Vua-Nệm-i.179124960.8277103573
8277304831,Nệm lò xo Dunlopillo Royal Kensington cao cấp dày 38cm công nghệ Nano bạc khử khuẩn bảo hành bởi Vua Nệm,0,0,0,0,0,0,https://shopee.vn/Nệm-lò-xo-Dunlopillo-Royal-Kensington-cao-cấp-dày-38cm-công-nghệ-Nano-bạc-khử-khuẩn-bảo-hành-bởi-Vua-Nệm-i.179124960.8277304831
8377335703,Nệm lò xo tròn Dunlopillo Circle of Life sở hữu hệ thống lò xo IPS honeycomb bảo hành bởi Vua Nệm,0,0,0,0,0,0,https://shopee.vn/Nệm-lò-xo-tròn-Dunlopillo-Circle-of-Life-sở-hữu-hệ-thống-lò-xo-IPS-honeycomb-bảo-hành-bởi-Vua-Nệm-i.179124960.8377335703
8877918949,Giường vải GoBy Funi One nỉ cao cấp đem lại cảm giác thư giản được bảo hành bởi VUA NỆM,0,0,0,0,0,0,https://shopee.vn/Giường-vải-GoBy-Funi-One-nỉ-cao-cấp-đem-lại-cảm-giác-thư-giản-được-bảo-hành-bởi-VUA-NỆM-i.179124960.8877918949
8777401412,Nệm cao su Dunlopillo World ECO sở hữu 3 lớp cao su đặc biệt bảo hành bởi Vua Nệm,0,0,0,0,0,0,https://shopee.vn/Nệm-cao-su-Dunlopillo-World-ECO-sở-hữu-3-lớp-cao-su-đặc-biệt-bảo-hành-bởi-Vua-Nệm-i.179124960.8777401412
9290822923,Ga chun Amando 4Stars 100% Cotton cao cấp bảo hành bởi Vua Nệm,0,0,0,0,0,0,https://shopee.vn/Ga-chun-Amando-4Stars-100%-Cotton-cao-cấp-bảo-hành-bởi-Vua-Nệm-i.179124960.9290822923
9377022777,Nệm lò xo Dunlopillo Icomfort dày 23cm hệ thống lò xo bảo vệ cột sống bảo hành bởi Vua Nệm,0,0,0,0,0,0,https://shopee.vn/Nệm-lò-xo-Dunlopillo-Icomfort-dày-23cm-hệ-thống-lò-xo-bảo-vệ-cột-sống-bảo-hành-bởi-Vua-Nệm-i.179124960.9377022777
9477027995,Nệm lò xo Dunlopillo Karen dày 26cm kháng khuẩn tự nhiên bảo hành 10 năm bởi Vua Nệm,0,0,0,0,0,0,https://shopee.vn/Nệm-lò-xo-Dunlopillo-Karen-dày-26cm-kháng-khuẩn-tự-nhiên-bảo-hành-10-năm-bởi-Vua-Nệm-i.179124960.9477027995
9958531268,Nệm Foam Amando Fiore cao cấp thiết kế tinh tế nâng đỡ cơ thể êm ái bảo hành bởi Vua Nệm,0,0,0,0,0,0,https://shopee.vn/Nệm-Foam-Amando-Fiore-cao-cấp-thiết-kế-tinh-tế-nâng-đỡ-cơ-thể-êm-ái-bảo-hành-bởi-Vua-Nệm-i.179124960.9958531268
9577379487,Nệm cao su Dunlopillo Latex World Neo độc quyền công nghệ Nanobiotic bảo hành bởi Vua Nệm,0,0,0,0,0,0,https://shopee.vn/Nệm-cao-su-Dunlopillo-Latex-World-Neo-độc-quyền-công-nghệ-Nanobiotic-bảo-hành-bởi-Vua-Nệm-i.179124960.9577379487
9581090417,"Nệm Foam Inoac Aeroflow Pride nâng đỡ giúp giấc ngủ sâu, phù hợp với mọi tư thế",0,0,0,0,0,0,"https://shopee.vn/Nệm-Foam-Inoac-Aeroflow-Pride-nâng-đỡ-giúp-giấc-ngủ-sâu,-phù-hợp-với-mọi-tư-thế-i.179124960.9581090417"
11117875262,Nệm cao su Dunlopillo World Relax đủ kích thước,0,0,0,0,0,0,https://shopee.vn/Nệm-cao-su-Dunlopillo-World-Relax-đủ-kích-thước-i.179124960.11117875262
9977997970,Tấm lót bảo vệ nệm Doona Silk làm mềm nệm bảo hành bởi Vua Nệm,1,0,0,0,0,1,https://shopee.vn/Tấm-lót-bảo-vệ-nệm-Doona-Silk-làm-mềm-nệm-bảo-hành-bởi-Vua-Nệm-i.179124960.9977997970
10013414219,Ga trải giường Amando Confident Tencel kết cấu sợi vải mịn màng vải thiên nhiên an toàn cho da bảo hành bởi vua Nệm,1,0,0,0,0,1,https://shopee.vn/Ga-trải-giường-Amando-Confident-Tencel-kết-cấu-sợi-vải-mịn-màng-vải-thiên-nhiên-an-toàn-cho-da-bảo-hành-bởi-vua-Nệm-i.179124960.10013414219
10420551656,Nệm Lò xo Dunlopillo William dày 29cm thiết kế sang trọng tinh tế bảo hành bởi Vua Nệm,0,0,0,0,0,0,https://shopee.vn/Nệm-Lò-xo-Dunlopillo-William-dày-29cm-thiết-kế-sang-trọng-tinh-tế-bảo-hành-bởi-Vua-Nệm-i.179124960.10420551656
11017954108,Combo nệm gối cao su Kim Cương 100% cao su thiên nhiên cho bé bảo hành bởi Vua Nệm,0,0,0,0,0,0,https://shopee.vn/Combo-nệm-gối-cao-su-Kim-Cương-100%-cao-su-thiên-nhiên-cho-bé-bảo-hành-bởi-Vua-Nệm-i.179124960.11017954108
11917930895,Nệm cao su Kim Cương Diamond Luxury 100% cao su thiên nhiên bảo vệ cột sống bảo hành 12 năm bởi Vua Nệm,0,0,0,0,0,0,https://shopee.vn/Nệm-cao-su-Kim-Cương-Diamond-Luxury-100%-cao-su-thiên-nhiên-bảo-vệ-cột-sống-bảo-hành-12-năm-bởi-Vua-Nệm-i.179124960.11917930895
12676372814,"Gối tựa đầu giường Amando Padova cao cấp, êm ái, thoáng khí được phân phối bởi Vua Nệm",0,0,0,0,0,0,"https://shopee.vn/Gối-tựa-đầu-giường-Amando-Padova-cao-cấp,-êm-ái,-thoáng-khí-được-phân-phối-bởi-Vua-Nệm-i.179124960.12676372814"
14186020517,"Bộ gối Aeroflow Hachiko Junior 2C dành cho trẻ nhỏ, êm ái bảo hành bởi Vua Nệm",0,0,0,0,0,0,"https://shopee.vn/Bộ-gối-Aeroflow-Hachiko-Junior-2C-dành-cho-trẻ-nhỏ,-êm-ái-bảo-hành-bởi-Vua-Nệm-i.179124960.14186020517"
14716222368,"Nệm lò xo Therapedic Therawrap Plus mang lại cảm giác mát mẻ, êm ái, mềm mại được bảo hành bởi VUA NỆM",0,0,0,0,0,0,"https://shopee.vn/Nệm-lò-xo-Therapedic-Therawrap-Plus-mang-lại-cảm-giác-mát-mẻ,-êm-ái,-mềm-mại-được-bảo-hành-bởi-VUA-NỆM-i.179124960.14716222368"
14816257822,Đệm cao su Vạn Thành Segovia,0,0,0,0,0,0,https://shopee.vn/Đệm-cao-su-Vạn-Thành-Segovia-i.179124960.14816257822
14716233421,"Đệm lò xo Lady Americana Align nâng đỡ 7 vùng cơ thể, giảm tối đa sức ép tác động lên cơ thể được bảo hành bởi VUA NỆM",0,0,0,0,0,0,"https://shopee.vn/Đệm-lò-xo-Lady-Americana-Align-nâng-đỡ-7-vùng-cơ-thể,-giảm-tối-đa-sức-ép-tác-động-lên-cơ-thể-được-bảo-hành-bởi-VUA-NỆM-i.179124960.14716233421"
15216229505,Nệm lò xo Lady Americana Oklahoma VUA NỆM sử dụng công nghệ tiến tiến đạt chuẩn quốc tế giúp giấc ngủ của bạn ngon hơn,0,0,0,0,0,0,https://shopee.vn/Nệm-lò-xo-Lady-Americana-Oklahoma-VUA-NỆM-sử-dụng-công-nghệ-tiến-tiến-đạt-chuẩn-quốc-tế-giúp-giấc-ngủ-của-bạn-ngon-hơn-i.179124960.15216229505
17781737678,Túi giặt Doona 3D 70*90cm cao cấp bền dai phân phối bởi Vua Nệm,0,0,0,0,0,0,https://shopee.vn/Túi-giặt-Doona-3D-70*90cm-cao-cấp-bền-dai-phân-phối-bởi-Vua-Nệm-i.179124960.17781737678
18101503203,[Quà Tặng Không Bán] Vỏ Gối Vua Nệm Olio,0,0,0,0,0,0,https://shopee.vn/[Quà-Tặng-Không-Bán]-Vỏ-Gối-Vua-Nệm-Olio-i.179124960.18101503203
19532851366,[Gift] Balo vải rút Vua Nệm,0,0,0,0,0,0,https://shopee.vn/[Gift]-Balo-vải-rút-Vua-Nệm-i.179124960.19532851366
14416215862,[ Tặng 01  Gối cao su Vạn Thành Massage_KM Trị giá 730K]Đệm cao su bông ép Vạn Thành UltraCare,4,0,0,1,0,3,https://shopee.vn/[-Tặng-01--Gối-cao-su-Vạn-Thành-Massage_KM-Trị-giá-730K]Đệm-cao-su-bông-ép-Vạn-Thành-UltraCare-i.179124960.14416215862
2977819723,Nệm lò xo Dunlopillo Spine O Master ngăn chặn vi khuẩn tối đa bảo hành bởi Vua Nệm,1,0,0,0,0,1,https://shopee.vn/Nệm-lò-xo-Dunlopillo-Spine-O-Master-ngăn-chặn-vi-khuẩn-tối-đa-bảo-hành-bởi-Vua-Nệm-i.179124960.2977819723
20132847356,Giường Gỗ Amando Cherry Bảo Hành Bởi Vua Nệm,0,0,0,0,0,0,https://shopee.vn/Giường-Gỗ-Amando-Cherry-Bảo-Hành-Bởi-Vua-Nệm-i.179124960.20132847356
20237185650,Giường vải Amando Novara bảo hành bởi Vua Nệm,0,0,0,0,0,0,https://shopee.vn/Giường-vải-Amando-Novara-bảo-hành-bởi-Vua-Nệm-i.179124960.20237185650
20325300842,"Combo Ngủ Ngon Nệm Foam Goodnight Massage, Đôi Gối Nằm Doona Promo, Gối Ôm Doona Basic",0,0,0,0,0,0,"https://shopee.vn/Combo-Ngủ-Ngon-Nệm-Foam-Goodnight-Massage,-Đôi-Gối-Nằm-Doona-Promo,-Gối-Ôm-Doona-Basic-i.179124960.20325300842"
20837173994,Nệm Cao su thiên nhiên 7 vùng Gummi Legend,0,0,0,0,0,0,https://shopee.vn/Nệm-Cao-su-thiên-nhiên-7-vùng-Gummi-Legend-i.179124960.20837173994
21625301849,"Combo Sống Trọn Nệm Lò Xo Amando Verona, Đôi Gối Nằm Doona Promo, Gối Ôm Doona Basic",0,0,0,0,0,0,"https://shopee.vn/Combo-Sống-Trọn-Nệm-Lò-Xo-Amando-Verona,-Đôi-Gối-Nằm-Doona-Promo,-Gối-Ôm-Doona-Basic-i.179124960.21625301849"
8677307515,"Nệm lò xo Dunlopillo Marilyn sự kết hợp của công nghệ tạo giấc ngủ sâu cho bạn, bảo hành bởi Vua Nệm",1,0,0,0,0,1,"https://shopee.vn/Nệm-lò-xo-Dunlopillo-Marilyn-sự-kết-hợp-của-công-nghệ-tạo-giấc-ngủ-sâu-cho-bạn,-bảo-hành-bởi-Vua-Nệm-i.179124960.8677307515"
9254710627,Combo Nệm gối Foam Amando Pisa tiện lợi vải thông thoáng mềm mại bảo hành bởi Vua Nệm,0,0,0,0,0,0,https://shopee.vn/Combo-Nệm-gối-Foam-Amando-Pisa-tiện-lợi-vải-thông-thoáng-mềm-mại-bảo-hành-bởi-Vua-Nệm-i.179124960.9254710627
11620567928,Nệm Cao su Gummi Latex 7zones,1,0,0,0,0,1,https://shopee.vn/Nệm-Cao-su-Gummi-Latex-7zones-i.179124960.11620567928
12577288015,"Chăn đông Amando Warm nhung tuyết dịu ệm, thoáng khí, mềm mịn, sợi bông nhập khẩu 100% Hàn Quốc kích thước 200x220cm",0,0,0,0,0,0,"https://shopee.vn/Chăn-đông-Amando-Warm-nhung-tuyết-dịu-ệm,-thoáng-khí,-mềm-mịn,-sợi-bông-nhập-khẩu-100%-Hàn-Quốc-kích-thước-200x220cm-i.179124960.12577288015"
8976997587,Nệm lò xo Amando Orlando mút chịu lực cao kháng khuẩn tốt bảo hành bởi Vua Nệm,1,0,0,0,0,1,https://shopee.vn/Nệm-lò-xo-Amando-Orlando-mút-chịu-lực-cao-kháng-khuẩn-tốt-bảo-hành-bởi-Vua-Nệm-i.179124960.8976997587
12859443108,Đệm cao su Vạn Thành Standard,1,0,0,0,0,1,https://shopee.vn/Đệm-cao-su-Vạn-Thành-Standard-i.179124960.12859443108
11021923810,Bộ chăn ga Amando Dormi Cotton cao cấp thấm mồ thoáng mát êm dịu bảo hành bởi Vua Nệm,1,0,0,0,0,1,https://shopee.vn/Bộ-chăn-ga-Amando-Dormi-Cotton-cao-cấp-thấm-mồ-thoáng-mát-êm-dịu-bảo-hành-bởi-Vua-Nệm-i.179124960.11021923810
9367955491,Gối ôm lông vũ nhân tạo Doona Microfiber CC 37x105cm bảo hành bởi Vua Nệm,4,0,0,0,0,4,https://shopee.vn/Gối-ôm-lông-vũ-nhân-tạo-Doona-Microfiber-CC-37x105cm-bảo-hành-bởi-Vua-Nệm-i.179124960.9367955491
8756054012,Nệm Foam Amando L'amore thiết kế tinh tế tỏa nhiệt chuyển đổi theo thời tiết bảo hành bởi Vua Nệm,1,0,0,0,0,1,https://shopee.vn/Nệm-Foam-Amando-L'amore-thiết-kế-tinh-tế-tỏa-nhiệt-chuyển-đổi-theo-thời-tiết-bảo-hành-bởi-Vua-Nệm-i.179124960.8756054012
13059440668,Nệm cao su Liên Á em bé được bảo hành bởi VUA NỆM,3,0,0,0,0,3,https://shopee.vn/Nệm-cao-su-Liên-Á-em-bé-được-bảo-hành-bởi-VUA-NỆM-i.179124960.13059440668
14886335639,[Gift] Gối cao su Vạn Thành Massage,2,0,0,0,0,2,https://shopee.vn/[Gift]-Gối-cao-su-Vạn-Thành-Massage-i.179124960.14886335639
14716259895,Đệm cao su Vạn Thành Green Sleep,2,0,0,0,0,2,https://shopee.vn/Đệm-cao-su-Vạn-Thành-Green-Sleep-i.179124960.14716259895
13433050320,Gối ôm Vua Nệm Aeroflow Hachiko - 1257,2,0,0,0,0,2,https://shopee.vn/Gối-ôm-Vua-Nệm-Aeroflow-Hachiko---1257-i.179124960.13433050320
14274750857,[Quà tặng kèm - Không bán] Gối Cao Su Vạn Thành  Massage,1,0,0,0,0,1,https://shopee.vn/[Quà-tặng-kèm---Không-bán]-Gối-Cao-Su-Vạn-Thành--Massage-i.179124960.14274750857
5392067491,Gối Foam Doona L'Amore Gel Cool 40x60cm mát lạnh thư giãn bảo hành bởi Vua Nệm,1,0,0,0,0,1,https://shopee.vn/Gối-Foam-Doona-L'Amore-Gel-Cool-40x60cm-mát-lạnh-thư-giãn-bảo-hành-bởi-Vua-Nệm-i.179124960.5392067491
5394726941,Nệm lò xo Dunlopillo Firmrest Supreme Nano bạc kháng khuẩn an toàn bảo hành 10 năm CHÍNH HÃNG,0,0,0,0,0,0,https://shopee.vn/Nệm-lò-xo-Dunlopillo-Firmrest-Supreme-Nano-bạc-kháng-khuẩn-an-toàn-bảo-hành-10-năm-CHÍNH-HÃNG-i.179124960.5394726941
5894298979,Nệm lò xo Dunlopillo Evita công nghệ tiên tiến đạt chuẩn quốc tế bảo hành bởi Vua Nệm,0,0,0,0,0,0,https://shopee.vn/Nệm-lò-xo-Dunlopillo-Evita-công-nghệ-tiên-tiến-đạt-chuẩn-quốc-tế-bảo-hành-bởi-Vua-Nệm-i.179124960.5894298979
6194351046,"Nệm lò xo Dunlopillo Duchess Extra Firm dày 29cm công nghệ bạc Nano, kháng khuẩn bảo hành 10 năm bởi Vua Nệm",0,0,0,0,0,0,"https://shopee.vn/Nệm-lò-xo-Dunlopillo-Duchess-Extra-Firm-dày-29cm-công-nghệ-bạc-Nano,-kháng-khuẩn-bảo-hành-10-năm-bởi-Vua-Nệm-i.179124960.6194351046"
6494508602,Ruột Chăn Lông vũ Doona Luxury siêu nhẹ êm ái cao cấp bảo hành bởi Vua Nệm,0,0,0,0,0,0,https://shopee.vn/Ruột-Chăn-Lông-vũ-Doona-Luxury-siêu-nhẹ-êm-ái-cao-cấp-bảo-hành-bởi-Vua-Nệm-i.179124960.6494508602
6789160939,"Nệm lò xo Amando Faro độ đàn hồi cao, chất liệu Foam cao cấp & cao su thiên nhiên chống đỡ cơ thể khỏe mạnh",0,0,0,0,0,0,"https://shopee.vn/Nệm-lò-xo-Amando-Faro-độ-đàn-hồi-cao,-chất-liệu-Foam-cao-cấp-&-cao-su-thiên-nhiên-chống-đỡ-cơ-thể-khỏe-mạnh-i.179124960.6789160939"
8795354523,Chiếu điều hòa Doona Pachira M1 bảo hành bởi Vua Nệm,0,0,0,0,0,0,https://shopee.vn/Chiếu-điều-hòa-Doona-Pachira-M1-bảo-hành-bởi-Vua-Nệm-i.179124960.8795354523
3074938445,Ruột Chăn Lông vũ tự nhiên Doona Dream Cloud 90% siêu nhẹ Vua Nệm,0,0,0,0,0,0,https://shopee.vn/Ruột-Chăn-Lông-vũ-tự-nhiên-Doona-Dream-Cloud-90%-siêu-nhẹ-Vua-Nệm-i.179124960.3074938445
10521575455,"Nệm cao su đa tầng Gummi Lafo 100% cao su thiên nhiên, tinh chất trà xanh kháng khuẩn bảo hành bởi Vua Nệm",2,0,0,0,0,2,"https://shopee.vn/Nệm-cao-su-đa-tầng-Gummi-Lafo-100%-cao-su-thiên-nhiên,-tinh-chất-trà-xanh-kháng-khuẩn-bảo-hành-bởi-Vua-Nệm-i.179124960.10521575455"
13210173308,Gối Cao su Gummi Evora,2,0,0,0,0,2,https://shopee.vn/Gối-Cao-su-Gummi-Evora-i.179124960.13210173308
3063530286,Gối Cao su Gummi Contour Massage 40x60x12 cm 100% cao su thiên nhiên mát mẻ thông thoáng bảo hành bởi Vua Nệm,1,0,0,0,0,1,https://shopee.vn/Gối-Cao-su-Gummi-Contour-Massage-40x60x12-cm-100%-cao-su-thiên-nhiên-mát-mẻ-thông-thoáng-bảo-hành-bởi-Vua-Nệm-i.179124960.3063530286
7992061581,Gối Cao su Gummi Standard,0,0,0,0,0,0,https://shopee.vn/Gối-Cao-su-Gummi-Standard-i.179124960.7992061581
8883169699,Vỏ gối nằm Amando Dream Cotton lụa thông thoáng thấm hút mồ hôi bảo hành bởi Vua Nệm,1,0,0,0,1,0,https://shopee.vn/Vỏ-gối-nằm-Amando-Dream-Cotton-lụa-thông-thoáng-thấm-hút-mồ-hôi-bảo-hành-bởi-Vua-Nệm-i.179124960.8883169699
9179976524,"Gối Cao Su Kim Cương Nơ 40x55 100% cao su thiên nhiên nâng đỡ cổ vai gáy, giúp ngủ sâu bảo hành bởi Vua Nệm",14,1,0,0,0,13,"https://shopee.vn/Gối-Cao-Su-Kim-Cương-Nơ-40x55-100%-cao-su-thiên-nhiên-nâng-đỡ-cổ-vai-gáy,-giúp-ngủ-sâu-bảo-hành-bởi-Vua-Nệm-i.179124960.9179976524"
4794351956,Nệm lò xo Dunlopillo Venus Supreme lò xo không gỉ đàn hồi bảo hành bỏi Vua Nệm,17,0,0,0,1,16,https://shopee.vn/Nệm-lò-xo-Dunlopillo-Venus-Supreme-lò-xo-không-gỉ-đàn-hồi-bảo-hành-bỏi-Vua-Nệm-i.179124960.4794351956
6094989588,"Gối Cao Su Kim Cương Lượn Sóng 44x64cm 100% cao su thiên nhiên nâng đỡ, bảo vệ đốt sống cổ BH bởi Vua Nệm - A",33,0,2,0,0,31,"https://shopee.vn/Gối-Cao-Su-Kim-Cương-Lượn-Sóng-44x64cm-100%-cao-su-thiên-nhiên-nâng-đỡ,-bảo-vệ-đốt-sống-cổ-BH-bởi-Vua-Nệm---A-i.179124960.6094989588"
8167977044,Gối ôm Cao su Gummi Body 20*100*20 cm 100% cao su thiên nhiên kháng khuẩn khử mùi bảo hành bởi Vua Nệm,1,0,0,0,0,1,https://shopee.vn/Gối-ôm-Cao-su-Gummi-Body-20*100*20-cm-100%-cao-su-thiên-nhiên-kháng-khuẩn-khử-mùi-bảo-hành-bởi-Vua-Nệm-i.179124960.8167977044
8377080643,"Nệm lò xo Dunlopillo Diamond Grande duy trì đường cong tự nhiên của cột sống, nâng cao chất lượng giấc ngủ",2,0,0,0,0,2,"https://shopee.vn/Nệm-lò-xo-Dunlopillo-Diamond-Grande-duy-trì-đường-cong-tự-nhiên-của-cột-sống,-nâng-cao-chất-lượng-giấc-ngủ-i.179124960.8377080643"
8177418367,Nệm cao su Kim Cương Happy Gold 100% cao su thiên nhiên bảo hành bởi Vua Nệm,9,1,0,0,0,8,https://shopee.vn/Nệm-cao-su-Kim-Cương-Happy-Gold-100%-cao-su-thiên-nhiên-bảo-hành-bởi-Vua-Nệm-i.179124960.8177418367
5094380994,Nệm cao su đa tầng Kim Cương TITANIUM đủ kích thước,19,1,0,1,1,16,https://shopee.vn/Nệm-cao-su-đa-tầng-Kim-Cương-TITANIUM-đủ-kích-thước-i.179124960.5094380994
13510175479,Gối cao su Gummi Oren,7,0,0,0,0,7,https://shopee.vn/Gối-cao-su-Gummi-Oren-i.179124960.13510175479
14008546342,Chăn lông AMMANDO Calla MP họa tiết da báo 140*200cm 1121,2,0,0,0,0,2,https://shopee.vn/Chăn-lông-AMMANDO-Calla-MP-họa-tiết-da-báo-140*200cm-1121-i.179124960.14008546342
11812044905,Gối nằm lông vũ nhân tạo Doona Microfiber CC êm ái mềm mại bảo hành bởi Vua Nệm,8,1,0,1,0,6,https://shopee.vn/Gối-nằm-lông-vũ-nhân-tạo-Doona-Microfiber-CC-êm-ái-mềm-mại-bảo-hành-bởi-Vua-Nệm-i.179124960.11812044905
11012061950,Gối ôm cao su Kim Cương Honey 100% cao su thiên nhiên size 20x100cm,8,0,0,0,0,8,https://shopee.vn/Gối-ôm-cao-su-Kim-Cương-Honey-100%-cao-su-thiên-nhiên-size-20x100cm-i.179124960.11012061950
13854918150,Combo 2 gối Doona basic + Vỏ gối Amando Dream,1,1,0,0,0,0,https://shopee.vn/Combo-2-gối-Doona-basic-+-Vỏ-gối-Amando-Dream-i.179124960.13854918150
10256990213,Gối nằm Doona promo 45x65 cm nhẹ nhàng êm ái bảo hành bởi Vua Nệm 920,233,2,2,4,9,216,https://shopee.vn/Gối-nằm-Doona-promo-45x65-cm-nhẹ-nhàng-êm-ái-bảo-hành-bởi-Vua-Nệm-920-i.179124960.10256990213
15707567938,Chăn Len Xanh Amando Lily VUA NỆM 140x200cm,6,0,0,0,0,6,https://shopee.vn/Chăn-Len-Xanh-Amando-Lily-VUA-NỆM-140x200cm-i.179124960.15707567938
9695648066,Gối Foam Doona Vua Nệm Restful Gel Cool - 1188,3,1,0,0,0,2,https://shopee.vn/Gối-Foam-Doona-Vua-Nệm-Restful-Gel-Cool---1188-i.179124960.9695648066
7494508713,Gối nằm lông vũ Doona Sandwich 45x65cm siêu mềm và êm ái bảo hành bởi Vua Nệm,7,0,0,0,0,7,https://shopee.vn/Gối-nằm-lông-vũ-Doona-Sandwich-45x65cm-siêu-mềm-và-êm-ái-bảo-hành-bởi-Vua-Nệm-i.179124960.7494508713
12733116076,Ruột chăn Vua Nệm Doona Basic T220,2,0,0,0,0,2,https://shopee.vn/Ruột-chăn-Vua-Nệm-Doona-Basic-T220-i.179124960.12733116076
10112047985,Gối Foam Doona Restful Gel Cool 35x55cm giảm đau cổ vai gáy bảo hành bởi Vua Nệm,2,0,0,0,0,2,https://shopee.vn/Gối-Foam-Doona-Restful-Gel-Cool-35x55cm-giảm-đau-cổ-vai-gáy-bảo-hành-bởi-Vua-Nệm-i.179124960.10112047985
15807572661,Chăn chần Amando Cassia M2 180x200cm,4,0,0,0,0,4,https://shopee.vn/Chăn-chần-Amando-Cassia-M2-180x200cm-i.179124960.15807572661
8967948214,"Gối cao su Kim Cương Ovany 40x60 cm 100% cao su thiên nhiên nâng đỡ cột sống cổ, chống đau vai gáy bảo hành bởi Vua Nệm",12,0,0,0,1,11,"https://shopee.vn/Gối-cao-su-Kim-Cương-Ovany-40x60-cm-100%-cao-su-thiên-nhiên-nâng-đỡ-cột-sống-cổ,-chống-đau-vai-gáy-bảo-hành-bởi-Vua-Nệm-i.179124960.8967948214"
9667925391,Gối Ôm Doona Basic 35x100cm bảo hành bởi Vua Nệm,78,0,0,1,0,77,https://shopee.vn/Gối-Ôm-Doona-Basic-35x100cm-bảo-hành-bởi-Vua-Nệm-i.179124960.9667925391
12505896749,[QUÀ TẶNG KHÔNG BÁN]  Khẩu trang Vua Nệm,32,1,1,1,0,29,https://shopee.vn/[QUÀ-TẶNG-KHÔNG-BÁN]--Khẩu-trang-Vua-Nệm-i.179124960.12505896749
11233948312,Nệm bông ép Goodnight Nova 3 mảnh chính hãng bảo hành bởi Vua Nệm,93,2,0,1,0,90,https://shopee.vn/Nệm-bông-ép-Goodnight-Nova-3-mảnh-chính-hãng-bảo-hành-bởi-Vua-Nệm-i.179124960.11233948312
5588585776,Nệm Foam Goodnight Eva 3 mảnh êm ái mềm mại nâng đỡ cơ thể bảo hành bởi Vua Nệm,58,0,2,1,0,55,https://shopee.vn/Nệm-Foam-Goodnight-Eva-3-mảnh-êm-ái-mềm-mại-nâng-đỡ-cơ-thể-bảo-hành-bởi-Vua-Nệm-i.179124960.5588585776
10046611036,[QUÀ TẶNG KHÔNG BÁN] Áo mưa Vua Nệm,51,1,1,1,1,47,https://shopee.vn/[QUÀ-TẶNG-KHÔNG-BÁN]-Áo-mưa-Vua-Nệm-i.179124960.10046611036
8880388503,Gối nằm Doona Basic - 1150 45x65,244,2,1,2,10,229,https://shopee.vn/Gối-nằm-Doona-Basic---1150-45x65-i.179124960.8880388503
5795781171,"Nệm xếp văn phòng Goodnight đa năng thiết kế nhỏ gọn 70x180x3cm độc quyền bởi Vua Nệm, giao màu ngẫu nhiên",101,0,1,1,7,92,"https://shopee.vn/Nệm-xếp-văn-phòng-Goodnight-đa-năng-thiết-kế-nhỏ-gọn-70x180x3cm-độc-quyền-bởi-Vua-Nệm,-giao-màu-ngẫu-nhiên-i.179124960.5795781171"
8753697422,Nệm Massage Nhật Bản Color Foam Goodnight êm ái mềm mại nâng đỡ cơ thể,446,5,2,3,15,421,https://shopee.vn/Nệm-Massage-Nhật-Bản-Color-Foam-Goodnight-êm-ái-mềm-mại-nâng-đỡ-cơ-thể-i.179124960.8753697422
